{
  "images" : [
    {
      "filename" : "1-13590_instagram-logo-insta-logo-png-transparent-background-clipart.png",
      "idiom" : "universal",
      "scale" : "1x"
    },
    {
      "filename" : "1-13590_instagram-logo-insta-logo-png-transparent-background-clipart@2x.png",
      "idiom" : "universal",
      "scale" : "2x"
    },
    {
      "filename" : "1-13590_instagram-logo-insta-logo-png-transparent-background-clipart@3x.png",
      "idiom" : "universal",
      "scale" : "3x"
    }
  ],
  "info" : {
    "author" : "xcode",
    "version" : 1
  }
}
